{"cameraMode":{"drawMode":0,"name":"Shaded","section":"Shading Mode"},"sceneLighting":true,"audioPlay":false,"sceneViewState":{"showFog":true,"showMaterialUpdate":true,"showSkybox":true,"showFlares":true,"showImageEffects":true,"showParticleSystems":true},"in2DMode":false,"pivot":{"x":15.91126537322998,"y":-87.30621337890625,"z":83.85518646240235},"rotation":{"x":-0.36659735441207888,"y":-0.08170239627361298,"z":0.03215892240405083,"w":-0.9263704419136047},"size":69.0954360961914,"orthographic":false}