{"cameraMode":{"drawMode":0,"name":"Shaded","section":"Shading Mode"},"sceneLighting":true,"audioPlay":false,"sceneViewState":{"showFog":true,"showMaterialUpdate":true,"showSkybox":true,"showFlares":true,"showImageEffects":true,"showParticleSystems":true},"in2DMode":false,"pivot":{"x":2.1069695949554445,"y":6.239652156829834,"z":1.288918375968933},"rotation":{"x":-0.11857669800519943,"y":0.8553621172904968,"z":-0.2246238738298416,"w":-0.45152324438095095},"size":2.70739483833313,"orthographic":false}