{"cameraMode":{"drawMode":0,"name":"Shaded","section":"Shading Mode"},"sceneLighting":true,"audioPlay":false,"sceneViewState":{"showFog":true,"showMaterialUpdate":true,"showSkybox":true,"showFlares":true,"showImageEffects":true,"showParticleSystems":true},"in2DMode":false,"pivot":{"x":4.066948413848877,"y":-85.62378692626953,"z":79.34698486328125},"rotation":{"x":-0.37912458181381228,"y":-0.006436980329453945,"z":0.0024869435001164676,"w":-0.9254471063613892},"size":72.36417388916016,"orthographic":false}